Date,Location,Water_Level_ft,Height (ft),Completion Cost,Gross Storage Capacity (Aft),Live storage (Aft),C.C.A. (Acres),Capacity of Channel (Cfs),Length of Canal (ft),DSL (ft),NPL (ft),HFL (ft),River / Nullah,Year of Completion,Catchment Area (Sq. Km),Latitude,Longitude
01/07/25,Dharabi,1597,91.33,383.26,37000,12621,6400,32,117000,1591,1601,1608.5,Dharabi River (Tributary of Soan River),2012,56.88,32.909614,72.664147
01/07/25,Mial,1428.5,70.31,66.64,3200,1306,935,6,16000,1427.2,1438,1443,Latti Nullah (Tributary of Soan River),2004,40.144,32.866667,72.115
01/07/25,Dhurnal,1458,68,1.595,1570,1062,700,4,20064,1464,1477,1485,Nikki Nullah,1967,21.0048,32.803889,72.098333
01/07/25,Gurabh,1726,76.4,1.338,972,679,1346,3.25,15048,1728,1748,1756,Gurabh Nullah (Tributary of Soan River),1970,16.80902,32.856111,72.361667
01/07/25,Bhugtal,1779,75,24.942,1140,675,680,6.5,17002,1780,1795.3,1799.3,Sirri Nullah,1990,22.6624,32.815,72.234167
01/07/25,Pira,1858.9,89.94,38.08,7400,2900,750,16,34450,1860,1873.3,1878,Gandiali Nullah (Tributory of Soan),1994,26.78,32.798269,72.355469
01/07/25,Dhok Hum,1705,87,250.602,8000,2800,1230,15,29700,1706.5,1717.5,1724,Ankar (Tributory of Soan),2012,40,32.837423,72.27425
01/07/25,U/Lakhwal,1451,135,449.348,18000,6500,3500,12,79800,1455,1470,1478,Sauj kass (Tributary of Soan River),2012,44.4,33.026675,72.76926
02/07/25,Dharabi,1597,,,,,,,,,,,,,,,
02/07/25,Mial,1428.5,,,,,,,,,,,,,,,
02/07/25,Dhurnal,1458,,,,,,,,,,,,,,,
02/07/25,Gurabh,1726,,,,,,,,,,,,,,,
02/07/25,Bhugtal,1779,,,,,,,,,,,,,,,
02/07/25,Pira,1858.9,,,,,,,,,,,,,,,
02/07/25,Dhok Hum,1705,,,,,,,,,,,,,,,
02/07/25,U/Lakhwal,1451,,,,,,,,,,,,,,,
03/07/25,Dharabi,1597,,,,,,,,,,,,,,,
03/07/25,Mial,1428.5,,,,,,,,,,,,,,,
03/07/25,Dhurnal,1458,,,,,,,,,,,,,,,
03/07/25,Gurabh,1726,,,,,,,,,,,,,,,
03/07/25,Bhugtal,1779,,,,,,,,,,,,,,,
03/07/25,Pira,1858.9,,,,,,,,,,,,,,,
03/07/25,Dhok Hum,1705,,,,,,,,,,,,,,,
03/07/25,U/Lakhwal,1451,,,,,,,,,,,,,,,
04/07/25,Dharabi,1597,,,,,,,,,,,,,,,
04/07/25,Mial,1428.5,,,,,,,,,,,,,,,
04/07/25,Dhurnal,1458,,,,,,,,,,,,,,,
04/07/25,Gurabh,1726,,,,,,,,,,,,,,,
04/07/25,Bhugtal,1779,,,,,,,,,,,,,,,
04/07/25,Pira,1858.9,,,,,,,,,,,,,,,
04/07/25,Dhok Hum,1705,,,,,,,,,,,,,,,
04/07/25,U/Lakhwal,1451,,,,,,,,,,,,,,,
05/07/25,Dharabi,1597,,,,,,,,,,,,,,,
05/07/25,Mial,1428.5,,,,,,,,,,,,,,,
05/07/25,Dhurnal,1458,,,,,,,,,,,,,,,
05/07/25,Gurabh,1726,,,,,,,,,,,,,,,
05/07/25,Bhugtal,1779,,,,,,,,,,,,,,,
05/07/25,Pira,1858.9,,,,,,,,,,,,,,,
05/07/25,Dhok Hum,1705,,,,,,,,,,,,,,,
05/07/25,U/Lakhwal,1451,,,,,,,,,,,,,,,
06/07/25,Dharabi,1597,,,,,,,,,,,,,,,
06/07/25,Mial,1428.5,,,,,,,,,,,,,,,
06/07/25,Dhurnal,1458,,,,,,,,,,,,,,,
06/07/25,Gurabh,1726,,,,,,,,,,,,,,,
06/07/25,Bhugtal,1779,,,,,,,,,,,,,,,
06/07/25,Pira,1858.9,,,,,,,,,,,,,,,
06/07/25,Dhok Hum,1705,,,,,,,,,,,,,,,
06/07/25,U/Lakhwal,1451,,,,,,,,,,,,,,,
07/07/25,Dharabi,1597,,,,,,,,,,,,,,,
07/07/25,Mial,1428.5,,,,,,,,,,,,,,,
07/07/25,Dhurnal,1458,,,,,,,,,,,,,,,
07/07/25,Gurabh,1725,,,,,,,,,,,,,,,
07/07/25,Bhugtal,1778.5,,,,,,,,,,,,,,,
07/07/25,Pira,1858.9,,,,,,,,,,,,,,,
07/07/25,Dhok Hum,1705,,,,,,,,,,,,,,,
07/07/25,U/Lakhwal,1451,,,,,,,,,,,,,,,
08/07/25,Dharabi,1596.5,,,,,,,,,,,,,,,
08/07/25,Mial,1428.5,,,,,,,,,,,,,,,
08/07/25,Dhurnal,1458,,,,,,,,,,,,,,,
08/07/25,Gurabh,1725,,,,,,,,,,,,,,,
08/07/25,Bhugtal,1778.5,,,,,,,,,,,,,,,
08/07/25,Pira,1858.9,,,,,,,,,,,,,,,
08/07/25,Dhok Hum,1705,,,,,,,,,,,,,,,
08/07/25,U/Lakhwal,1451,,,,,,,,,,,,,,,
09/07/25,Dharabi,1596.5,,,,,,,,,,,,,,,
09/07/25,Mial,1428.5,,,,,,,,,,,,,,,
09/07/25,Dhurnal,1458,,,,,,,,,,,,,,,
09/07/25,Gurabh,1725,,,,,,,,,,,,,,,
09/07/25,Bhugtal,1778.5,,,,,,,,,,,,,,,
09/07/25,Pira,1858.9,,,,,,,,,,,,,,,
09/07/25,Dhok Hum,1705,,,,,,,,,,,,,,,
09/07/25,U/Lakhwal,1451,,,,,,,,,,,,,,,
10/07/25,Dharabi,1596.5,,,,,,,,,,,,,,,
10/07/25,Mial,1428.5,,,,,,,,,,,,,,,
10/07/25,Dhurnal,1458,,,,,,,,,,,,,,,
10/07/25,Gurabh,1725,,,,,,,,,,,,,,,
10/07/25,Bhugtal,1778.5,,,,,,,,,,,,,,,
10/07/25,Pira,1859,,,,,,,,,,,,,,,
10/07/25,Dhok Hum,1705,,,,,,,,,,,,,,,
10/07/25,U/Lakhwal,1451,,,,,,,,,,,,,,,
11/07/25,Dharabi,1596.5,,,,,,,,,,,,,,,
11/07/25,Mial,1428.5,,,,,,,,,,,,,,,
11/07/25,Dhurnal,1458,,,,,,,,,,,,,,,
11/07/25,Gurabh,1725,,,,,,,,,,,,,,,
11/07/25,Bhugtal,1778.5,,,,,,,,,,,,,,,
11/07/25,Pira,1859,,,,,,,,,,,,,,,
11/07/25,Dhok Hum,1705,,,,,,,,,,,,,,,
11/07/25,U/Lakhwal,1451,,,,,,,,,,,,,,,
12/07/25,Dharabi,1596.5,,,,,,,,,,,,,,,
12/07/25,Mial,1428.5,,,,,,,,,,,,,,,
12/07/25,Dhurnal,1458,,,,,,,,,,,,,,,
12/07/25,Gurabh,1729,,,,,,,,,,,,,,,
12/07/25,Bhugtal,1779,,,,,,,,,,,,,,,
12/07/25,Pira,1859,,,,,,,,,,,,,,,
12/07/25,Dhok Hum,1705,,,,,,,,,,,,,,,
12/07/25,U/Lakhwal,1451,,,,,,,,,,,,,,,
13/07/25,Dharabi,1596.5,,,,,,,,,,,,,,,
13/07/25,Mial,1428.5,,,,,,,,,,,,,,,
13/07/25,Dhurnal,1458,,,,,,,,,,,,,,,
13/07/25,Gurabh,1729,,,,,,,,,,,,,,,
13/07/25,Bhugtal,1779,,,,,,,,,,,,,,,
13/07/25,Pira,1859,,,,,,,,,,,,,,,
13/07/25,Dhok Hum,1705,,,,,,,,,,,,,,,
13/07/25,U/Lakhwal,1451,,,,,,,,,,,,,,,
14/07/25,Dharabi,1596.5,,,,,,,,,,,,,,,
14/07/25,Mial,1428.5,,,,,,,,,,,,,,,
14/07/25,Dhurnal,1458,,,,,,,,,,,,,,,
14/07/25,Gurabh,1729,,,,,,,,,,,,,,,
14/07/25,Bhugtal,1779,,,,,,,,,,,,,,,
14/07/25,Pira,1859,,,,,,,,,,,,,,,
14/07/25,Dhok Hum,1705,,,,,,,,,,,,,,,
14/07/25,U/Lakhwal,1451,,,,,,,,,,,,,,,
15/07/25,Dharabi,1596.5,,,,,,,,,,,,,,,
15/07/25,Mial,1428.5,,,,,,,,,,,,,,,
15/07/25,Dhurnal,1458,,,,,,,,,,,,,,,
15/07/25,Gurabh,1729,,,,,,,,,,,,,,,
15/07/25,Bhugtal,1779,,,,,,,,,,,,,,,
15/07/25,Pira,1859,,,,,,,,,,,,,,,
15/07/25,Dhok Hum,1705,,,,,,,,,,,,,,,
15/07/25,U/Lakhwal,1451,,,,,,,,,,,,,,,
16/07/25,Dharabi,1596.5,,,,,,,,,,,,,,,
16/07/25,Mial,1428.5,,,,,,,,,,,,,,,
16/07/25,Dhurnal,1458,,,,,,,,,,,,,,,
16/07/25,Gurabh,1729,,,,,,,,,,,,,,,
16/07/25,Bhugtal,1779,,,,,,,,,,,,,,,
16/07/25,Pira,1859,,,,,,,,,,,,,,,
16/07/25,Dhok Hum,1705,,,,,,,,,,,,,,,
16/07/25,U/Lakhwal,1451,,,,,,,,,,,,,,,
17/07/25,Dharabi,1599.5,,,,,,,,,,,,,,,
17/07/25,Mial,1429,,,,,,,,,,,,,,,
17/07/25,Dhurnal,1459.5,,,,,,,,,,,,,,,
17/07/25,Gurabh,1730,,,,,,,,,,,,,,,
17/07/25,Bhugtal,1779.8,,,,,,,,,,,,,,,
17/07/25,Pira,1859,,,,,,,,,,,,,,,
17/07/25,Dhok Hum,1705.3,,,,,,,,,,,,,,,
17/07/25,U/Lakhwal,1471.5,,,,,,,,,,,,,,,
18/07/25,Dharabi,1600,,,,,,,,,,,,,,,
18/07/25,Mial,1429,,,,,,,,,,,,,,,
18/07/25,Dhurnal,1459.5,,,,,,,,,,,,,,,
18/07/25,Gurabh,1731.5,,,,,,,,,,,,,,,
18/07/25,Bhugtal,1780,,,,,,,,,,,,,,,
18/07/25,Pira,1859.6,,,,,,,,,,,,,,,
18/07/25,Dhok Hum,1705.3,,,,,,,,,,,,,,,
18/07/25,U/Lakhwal,1471,,,,,,,,,,,,,,,
19/07/25,Dharabi,1600,,,,,,,,,,,,,,,
19/07/25,Mial,1429,,,,,,,,,,,,,,,
19/07/25,Dhurnal,1459.5,,,,,,,,,,,,,,,
19/07/25,Gurabh,1732,,,,,,,,,,,,,,,
19/07/25,Bhugtal,1780.2,,,,,,,,,,,,,,,
19/07/25,Pira,1859.6,,,,,,,,,,,,,,,
19/07/25,Dhok Hum,1705.3,,,,,,,,,,,,,,,
19/07/25,U/Lakhwal,1471,,,,,,,,,,,,,,,
20/07/25,Dharabi,1600,,,,,,,,,,,,,,,
20/07/25,Mial,1429,,,,,,,,,,,,,,,
20/07/25,Dhurnal,1459.5,,,,,,,,,,,,,,,
20/07/25,Gurabh,1732,,,,,,,,,,,,,,,
20/07/25,Bhugtal,1780.3,,,,,,,,,,,,,,,
20/07/25,Pira,1859.6,,,,,,,,,,,,,,,
20/07/25,Dhok Hum,1705.3,,,,,,,,,,,,,,,
20/07/25,U/Lakhwal,1471,,,,,,,,,,,,,,,
21/07/25,Dharabi,1600,,,,,,,,,,,,,,,
21/07/25,Mial,1429,,,,,,,,,,,,,,,
21/07/25,Dhurnal,1459.5,,,,,,,,,,,,,,,
21/07/25,Gurabh,1732,,,,,,,,,,,,,,,
21/07/25,Bhugtal,1780.3,,,,,,,,,,,,,,,
21/07/25,Pira,1859.6,,,,,,,,,,,,,,,
21/07/25,Dhok Hum,1705.3,,,,,,,,,,,,,,,
21/07/25,U/Lakhwal,1471,,,,,,,,,,,,,,,
22/07/25,Dharabi,1600,,,,,,,,,,,,,,,
22/07/25,Mial,1429,,,,,,,,,,,,,,,
22/07/25,Dhurnal,1459.5,,,,,,,,,,,,,,,
22/07/25,Gurabh,1732,,,,,,,,,,,,,,,
22/07/25,Bhugtal,1780.3,,,,,,,,,,,,,,,
22/07/25,Pira,1859.6,,,,,,,,,,,,,,,
22/07/25,Dhok Hum,1705.3,,,,,,,,,,,,,,,
22/07/25,U/Lakhwal,1470.9,,,,,,,,,,,,,,,
23/07/25,Dharabi,1600,,,,,,,,,,,,,,,
23/07/25,Mial,1429,,,,,,,,,,,,,,,
23/07/25,Dhurnal,1459.5,,,,,,,,,,,,,,,
23/07/25,Gurabh,1732,,,,,,,,,,,,,,,
23/07/25,Bhugtal,1780.3,,,,,,,,,,,,,,,
23/07/25,Pira,1859.6,,,,,,,,,,,,,,,
23/07/25,Dhok Hum,1705.3,,,,,,,,,,,,,,,
23/07/25,U/Lakhwal,1470.9,,,,,,,,,,,,,,,
24/07/25,Dharabi,1600,,,,,,,,,,,,,,,
24/07/25,Mial,1429,,,,,,,,,,,,,,,
24/07/25,Dhurnal,1459.5,,,,,,,,,,,,,,,
24/07/25,Gurabh,1732,,,,,,,,,,,,,,,
24/07/25,Bhugtal,1780.8,,,,,,,,,,,,,,,
24/07/25,Pira,1859.6,,,,,,,,,,,,,,,
24/07/25,Dhok Hum,1705.5,,,,,,,,,,,,,,,
24/07/25,U/Lakhwal,1470.8,,,,,,,,,,,,,,,
25/07/25,Dharabi,1600.5,,,,,,,,,,,,,,,
25/07/25,Mial,1429.5,,,,,,,,,,,,,,,
25/07/25,Dhurnal,1459.5,,,,,,,,,,,,,,,
25/07/25,Gurabh,1732,,,,,,,,,,,,,,,
25/07/25,Bhugtal,1781.3,,,,,,,,,,,,,,,
25/07/25,Pira,1859.6,,,,,,,,,,,,,,,
25/07/25,Dhok Hum,1705.9,,,,,,,,,,,,,,,
25/07/25,U/Lakhwal,1470.6,,,,,,,,,,,,,,,
26/07/25,Dharabi,1600.5,,,,,,,,,,,,,,,
26/07/25,Mial,1429.5,,,,,,,,,,,,,,,
26/07/25,Dhurnal,1459.5,,,,,,,,,,,,,,,
26/07/25,Gurabh,1732,,,,,,,,,,,,,,,
26/07/25,Bhugtal,1781.3,,,,,,,,,,,,,,,
26/07/25,Pira,1859.6,,,,,,,,,,,,,,,
26/07/25,Dhok Hum,1706.4,,,,,,,,,,,,,,,
26/07/25,U/Lakhwal,1470.5,,,,,,,,,,,,,,,
27/07/25,Dharabi,1600.5,,,,,,,,,,,,,,,
27/07/25,Mial,1429.5,,,,,,,,,,,,,,,
27/07/25,Dhurnal,1459.5,,,,,,,,,,,,,,,
27/07/25,Gurabh,1732,,,,,,,,,,,,,,,
27/07/25,Bhugtal,1781.3,,,,,,,,,,,,,,,
27/07/25,Pira,1859.6,,,,,,,,,,,,,,,
27/07/25,Dhok Hum,1706.4,,,,,,,,,,,,,,,
27/07/25,U/Lakhwal,1471.5,,,,,,,,,,,,,,,
28/07/25,Dharabi,1600.5,,,,,,,,,,,,,,,
28/07/25,Mial,1429.5,,,,,,,,,,,,,,,
28/07/25,Dhurnal,1459.5,,,,,,,,,,,,,,,
28/07/25,Gurabh,1732,,,,,,,,,,,,,,,
28/07/25,Bhugtal,1781.3,,,,,,,,,,,,,,,
28/07/25,Pira,1859.6,,,,,,,,,,,,,,,
28/07/25,Dhok Hum,1706.4,,,,,,,,,,,,,,,
28/07/25,U/Lakhwal,1470.5,,,,,,,,,,,,,,,
29/07/25,Dharabi,1600.5,,,,,,,,,,,,,,,
29/07/25,Mial,1429.5,,,,,,,,,,,,,,,
29/07/25,Dhurnal,1459.5,,,,,,,,,,,,,,,
29/07/25,Gurabh,1732,,,,,,,,,,,,,,,
29/07/25,Bhugtal,1781.3,,,,,,,,,,,,,,,
29/07/25,Pira,1859.6,,,,,,,,,,,,,,,
29/07/25,Dhok Hum,1706.4,,,,,,,,,,,,,,,
29/07/25,U/Lakhwal,1470.5,,,,,,,,,,,,,,,
30/07/25,Dharabi,1600.5,,,,,,,,,,,,,,,
30/07/25,Mial,1429.5,,,,,,,,,,,,,,,
30/07/25,Dhurnal,1459.5,,,,,,,,,,,,,,,
30/07/25,Gurabh,1732,,,,,,,,,,,,,,,
30/07/25,Bhugtal,1781.3,,,,,,,,,,,,,,,
30/07/25,Pira,1859.6,,,,,,,,,,,,,,,
30/07/25,Dhok Hum,1706.4,,,,,,,,,,,,,,,
30/07/25,U/Lakhwal,1470.3,,,,,,,,,,,,,,,
31/07/25,Dharabi,1600.5,,,,,,,,,,,,,,,
31/07/25,Mial,1429.5,,,,,,,,,,,,,,,
31/07/25,Dhurnal,1459.5,,,,,,,,,,,,,,,
31/07/25,Gurabh,1732,,,,,,,,,,,,,,,
31/07/25,Bhugtal,1782,,,,,,,,,,,,,,,
31/07/25,Pira,1860,,,,,,,,,,,,,,,
31/07/25,Dhok Hum,1706.7,,,,,,,,,,,,,,,
31/07/25,U/Lakhwal,1470.2,,,,,,,,,,,,,,,
01/08/25,Dharabi,1600.5,,,,,,,,,,,,,,,
01/08/25,Mial,1429.5,,,,,,,,,,,,,,,
01/08/25,Dhurnal,1459.5,,,,,,,,,,,,,,,
01/08/25,Gurabh,1732,,,,,,,,,,,,,,,
01/08/25,Bhugtal,1782,,,,,,,,,,,,,,,
01/08/25,Pira,1860,,,,,,,,,,,,,,,
01/08/25,Dhok Hum,1706.7,,,,,,,,,,,,,,,
01/08/25,U/Lakhwal,1470.1,,,,,,,,,,,,,,,
02/08/25,Dharabi,1600.5,,,,,,,,,,,,,,,
02/08/25,Mial,1429.5,,,,,,,,,,,,,,,
02/08/25,Dhurnal,1459.5,,,,,,,,,,,,,,,
02/08/25,Gurabh,1732,,,,,,,,,,,,,,,
02/08/25,Bhugtal,1782,,,,,,,,,,,,,,,
02/08/25,Pira,1860,,,,,,,,,,,,,,,
02/08/25,Dhok Hum,1706.7,,,,,,,,,,,,,,,
02/08/25,U/Lakhwal,1470.1,,,,,,,,,,,,,,,
03/08/25,Dharabi,1600.5,,,,,,,,,,,,,,,
03/08/25,Mial,1429.5,,,,,,,,,,,,,,,
03/08/25,Dhurnal,1459.5,,,,,,,,,,,,,,,
03/08/25,Gurabh,1732,,,,,,,,,,,,,,,
03/08/25,Bhugtal,1782,,,,,,,,,,,,,,,
03/08/25,Pira,1860,,,,,,,,,,,,,,,
03/08/25,Dhok Hum,1706.7,,,,,,,,,,,,,,,
03/08/25,U/Lakhwal,1470.1,,,,,,,,,,,,,,,
04/08/25,Dharabi,1600.5,,,,,,,,,,,,,,,
04/08/25,Mial,1429.5,,,,,,,,,,,,,,,
04/08/25,Dhurnal,1459.5,,,,,,,,,,,,,,,
04/08/25,Gurabh,1732,,,,,,,,,,,,,,,
04/08/25,Bhugtal,1782,,,,,,,,,,,,,,,
04/08/25,Pira,1860,,,,,,,,,,,,,,,
04/08/25,Dhok Hum,1706.7,,,,,,,,,,,,,,,
04/08/25,U/Lakhwal,1470.1,,,,,,,,,,,,,,,
05/08/25,Dharabi,1600.5,,,,,,,,,,,,,,,
05/08/25,Mial,1429.5,,,,,,,,,,,,,,,
05/08/25,Dhurnal,1459.5,,,,,,,,,,,,,,,
05/08/25,Gurabh,1732,,,,,,,,,,,,,,,
05/08/25,Bhugtal,1782,,,,,,,,,,,,,,,
05/08/25,Pira,1860,,,,,,,,,,,,,,,
05/08/25,Dhok Hum,1706.7,,,,,,,,,,,,,,,
05/08/25,U/Lakhwal,1470,,,,,,,,,,,,,,,
06/08/25,Dharabi,1600.5,,,,,,,,,,,,,,,
06/08/25,Mial,1429.5,,,,,,,,,,,,,,,
06/08/25,Dhurnal,1459.5,,,,,,,,,,,,,,,
06/08/25,Gurabh,1732,,,,,,,,,,,,,,,
06/08/25,Bhugtal,1782,,,,,,,,,,,,,,,
06/08/25,Pira,1860,,,,,,,,,,,,,,,
06/08/25,Dhok Hum,1706.7,,,,,,,,,,,,,,,
06/08/25,U/Lakhwal,1470,,,,,,,,,,,,,,,
07/08/25,Dharabi,1600.5,,,,,,,,,,,,,,,
07/08/25,Mial,1429.5,,,,,,,,,,,,,,,
07/08/25,Dhurnal,1459.5,,,,,,,,,,,,,,,
07/08/25,Gurabh,1732,,,,,,,,,,,,,,,
07/08/25,Bhugtal,1782,,,,,,,,,,,,,,,
07/08/25,Pira,1860,,,,,,,,,,,,,,,
07/08/25,Dhok Hum,1706.7,,,,,,,,,,,,,,,
07/08/25,U/Lakhwal,1470,,,,,,,,,,,,,,,
08/08/25,Dharabi,1600.5,,,,,,,,,,,,,,,
08/08/25,Mial,1429.5,,,,,,,,,,,,,,,
08/08/25,Dhurnal,1459.5,,,,,,,,,,,,,,,
08/08/25,Gurabh,1732,,,,,,,,,,,,,,,
08/08/25,Bhugtal,1782,,,,,,,,,,,,,,,
08/08/25,Pira,1860,,,,,,,,,,,,,,,
08/08/25,Dhok Hum,1706.7,,,,,,,,,,,,,,,
08/08/25,U/Lakhwal,1470,,,,,,,,,,,,,,,
09/08/25,Dharabi,1600.5,,,,,,,,,,,,,,,
09/08/25,Mial,1429.5,,,,,,,,,,,,,,,
09/08/25,Dhurnal,1459.5,,,,,,,,,,,,,,,
09/08/25,Gurabh,1732,,,,,,,,,,,,,,,
09/08/25,Bhugtal,1782,,,,,,,,,,,,,,,
09/08/25,Pira,1860,,,,,,,,,,,,,,,
09/08/25,Dhok Hum,1706.7,,,,,,,,,,,,,,,
09/08/25,U/Lakhwal,1470,,,,,,,,,,,,,,,
10/08/25,Dharabi,1600.7,,,,,,,,,,,,,,,
10/08/25,Mial,1429.5,,,,,,,,,,,,,,,
10/08/25,Dhurnal,1459.5,,,,,,,,,,,,,,,
10/08/25,Gurabh,1732,,,,,,,,,,,,,,,
10/08/25,Bhugtal,1782,,,,,,,,,,,,,,,
10/08/25,Pira,1860,,,,,,,,,,,,,,,
10/08/25,Dhok Hum,1706.7,,,,,,,,,,,,,,,
10/08/25,U/Lakhwal,1470,,,,,,,,,,,,,,,
11/08/25,Dharabi,1600.7,,,,,,,,,,,,,,,
11/08/25,Mial,1429.5,,,,,,,,,,,,,,,
11/08/25,Dhurnal,1459.5,,,,,,,,,,,,,,,
11/08/25,Gurabh,1732,,,,,,,,,,,,,,,
11/08/25,Bhugtal,1782,,,,,,,,,,,,,,,
11/08/25,Pira,1860,,,,,,,,,,,,,,,
11/08/25,Dhok Hum,1706.7,,,,,,,,,,,,,,,
11/08/25,U/Lakhwal,1470,,,,,,,,,,,,,,,
12/08/25,Dharabi,1601,,,,,,,,,,,,,,,
12/08/25,Mial,1429.5,,,,,,,,,,,,,,,
12/08/25,Dhurnal,1459.5,,,,,,,,,,,,,,,
12/08/25,Gurabh,1732,,,,,,,,,,,,,,,
12/08/25,Bhugtal,1782,,,,,,,,,,,,,,,
12/08/25,Pira,1860,,,,,,,,,,,,,,,
12/08/25,Dhok Hum,1706.7,,,,,,,,,,,,,,,
12/08/25,U/Lakhwal,1470,,,,,,,,,,,,,,,
13/08/25,Dharabi,1601,,,,,,,,,,,,,,,
13/08/25,Mial,1429.5,,,,,,,,,,,,,,,
13/08/25,Dhurnal,1459.5,,,,,,,,,,,,,,,
13/08/25,Gurabh,1732,,,,,,,,,,,,,,,
13/08/25,Bhugtal,1782,,,,,,,,,,,,,,,
13/08/25,Pira,1860,,,,,,,,,,,,,,,
13/08/25,Dhok Hum,1706.7,,,,,,,,,,,,,,,
13/08/25,U/Lakhwal,1470,,,,,,,,,,,,,,,
14/08/25,Dharabi,1601,,,,,,,,,,,,,,,
14/08/25,Mial,1429.5,,,,,,,,,,,,,,,
14/08/25,Dhurnal,1459.5,,,,,,,,,,,,,,,
14/08/25,Gurabh,1732,,,,,,,,,,,,,,,
14/08/25,Bhugtal,1782,,,,,,,,,,,,,,,
14/08/25,Pira,1860,,,,,,,,,,,,,,,
14/08/25,Dhok Hum,1706.7,,,,,,,,,,,,,,,
14/08/25,U/Lakhwal,1470,,,,,,,,,,,,,,,
15/08/25,Dharabi,1601,,,,,,,,,,,,,,,
15/08/25,Mial,1429.5,,,,,,,,,,,,,,,
15/08/25,Dhurnal,1459.5,,,,,,,,,,,,,,,
15/08/25,Gurabh,1732,,,,,,,,,,,,,,,
15/08/25,Bhugtal,1782,,,,,,,,,,,,,,,
15/08/25,Pira,1860,,,,,,,,,,,,,,,
15/08/25,Dhok Hum,1706.7,,,,,,,,,,,,,,,
15/08/25,U/Lakhwal,1470,,,,,,,,,,,,,,,
16/08/25,Dharabi,1601,,,,,,,,,,,,,,,
16/08/25,Mial,1429.5,,,,,,,,,,,,,,,
16/08/25,Dhurnal,1459.5,,,,,,,,,,,,,,,
16/08/25,Gurabh,1732,,,,,,,,,,,,,,,
16/08/25,Bhugtal,1782,,,,,,,,,,,,,,,
16/08/25,Pira,1860,,,,,,,,,,,,,,,
16/08/25,Dhok Hum,1706.7,,,,,,,,,,,,,,,
16/08/25,U/Lakhwal,1470,,,,,,,,,,,,,,,
17/08/25,Dharabi,1601,,,,,,,,,,,,,,,
17/08/25,Mial,1429.5,,,,,,,,,,,,,,,
17/08/25,Dhurnal,1459.5,,,,,,,,,,,,,,,
17/08/25,Gurabh,1732,,,,,,,,,,,,,,,
17/08/25,Bhugtal,1782,,,,,,,,,,,,,,,
17/08/25,Pira,1860,,,,,,,,,,,,,,,
17/08/25,Dhok Hum,1706.7,,,,,,,,,,,,,,,
17/08/25,U/Lakhwal,1470,,,,,,,,,,,,,,,
18/08/25,Dharabi,1601,,,,,,,,,,,,,,,
18/08/25,Mial,1429.5,,,,,,,,,,,,,,,
18/08/25,Dhurnal,1459.5,,,,,,,,,,,,,,,
18/08/25,Gurabh,1732,,,,,,,,,,,,,,,
18/08/25,Bhugtal,1782,,,,,,,,,,,,,,,
18/08/25,Pira,1860,,,,,,,,,,,,,,,
18/08/25,Dhok Hum,1706.7,,,,,,,,,,,,,,,
18/08/25,U/Lakhwal,1470,,,,,,,,,,,,,,,
19/08/25,Dharabi,1602,,,,,,,,,,,,,,,
19/08/25,Mial,1430.2,,,,,,,,,,,,,,,
19/08/25,Dhurnal,1459.5,,,,,,,,,,,,,,,
19/08/25,Gurabh,1733,,,,,,,,,,,,,,,
19/08/25,Bhugtal,1783,,,,,,,,,,,,,,,
19/08/25,Pira,1860.5,,,,,,,,,,,,,,,
19/08/25,Dhok Hum,1706.8,,,,,,,,,,,,,,,
19/08/25,U/Lakhwal,1470.4,,,,,,,,,,,,,,,
20/08/25,Dharabi,1602.2,,,,,,,,,,,,,,,
20/08/25,Mial,1430.2,,,,,,,,,,,,,,,
20/08/25,Dhurnal,1459.5,,,,,,,,,,,,,,,
20/08/25,Gurabh,1736,,,,,,,,,,,,,,,
20/08/25,Bhugtal,1783,,,,,,,,,,,,,,,
20/08/25,Pira,1860.5,,,,,,,,,,,,,,,
20/08/25,Dhok Hum,1706.8,,,,,,,,,,,,,,,
20/08/25,U/Lakhwal,1470.5,,,,,,,,,,,,,,,
21/08/25,Dharabi,1601.9,,,,,,,,,,,,,,,
21/08/25,Mial,1430.2,,,,,,,,,,,,,,,
21/08/25,Dhurnal,1459.5,,,,,,,,,,,,,,,
21/08/25,Gurabh,1736.5,,,,,,,,,,,,,,,
21/08/25,Bhugtal,1783,,,,,,,,,,,,,,,
21/08/25,Pira,1860.5,,,,,,,,,,,,,,,
21/08/25,Dhok Hum,1706.8,,,,,,,,,,,,,,,
21/08/25,U/Lakhwal,1470.5,,,,,,,,,,,,,,,
22/08/25,Dharabi,1601.9,,,,,,,,,,,,,,,
22/08/25,Mial,1430.2,,,,,,,,,,,,,,,
22/08/25,Dhurnal,1459.5,,,,,,,,,,,,,,,
22/08/25,Gurabh,1736.7,,,,,,,,,,,,,,,
22/08/25,Bhugtal,1783,,,,,,,,,,,,,,,
22/08/25,Pira,1860.5,,,,,,,,,,,,,,,
22/08/25,Dhok Hum,1707.5,,,,,,,,,,,,,,,
22/08/25,U/Lakhwal,1470.5,,,,,,,,,,,,,,,
23/08/25,Dharabi,1601.9,,,,,,,,,,,,,,,
23/08/25,Mial,1430.2,,,,,,,,,,,,,,,
23/08/25,Dhurnal,1459.5,,,,,,,,,,,,,,,
23/08/25,Gurabh,1736.7,,,,,,,,,,,,,,,
23/08/25,Bhugtal,1783,,,,,,,,,,,,,,,
23/08/25,Pira,1860.5,,,,,,,,,,,,,,,
23/08/25,Dhok Hum,1707.5,,,,,,,,,,,,,,,
23/08/25,U/Lakhwal,1470.5,,,,,,,,,,,,,,,
24/08/25,Dharabi,1601.9,,,,,,,,,,,,,,,
24/08/25,Mial,1430.2,,,,,,,,,,,,,,,
24/08/25,Dhurnal,1459.5,,,,,,,,,,,,,,,
24/08/25,Gurabh,1737,,,,,,,,,,,,,,,
24/08/25,Bhugtal,1783,,,,,,,,,,,,,,,
24/08/25,Pira,1860.5,,,,,,,,,,,,,,,
24/08/25,Dhok Hum,1707.5,,,,,,,,,,,,,,,
24/08/25,U/Lakhwal,1470.5,,,,,,,,,,,,,,,
25/08/25,Dharabi,1601.8,,,,,,,,,,,,,,,
25/08/25,Mial,1430.2,,,,,,,,,,,,,,,
25/08/25,Dhurnal,1459.5,,,,,,,,,,,,,,,
25/08/25,Gurabh,1737.5,,,,,,,,,,,,,,,
25/08/25,Bhugtal,1783,,,,,,,,,,,,,,,
25/08/25,Pira,1860.9,,,,,,,,,,,,,,,
25/08/25,Dhok Hum,1708,,,,,,,,,,,,,,,
25/08/25,U/Lakhwal,1470.5,,,,,,,,,,,,,,,
26/08/25,Dharabi,1601.7,,,,,,,,,,,,,,,
26/08/25,Mial,1430.2,,,,,,,,,,,,,,,
26/08/25,Dhurnal,1459.5,,,,,,,,,,,,,,,
26/08/25,Gurabh,1739.5,,,,,,,,,,,,,,,
26/08/25,Bhugtal,1783,,,,,,,,,,,,,,,
26/08/25,Pira,1860.9,,,,,,,,,,,,,,,
26/08/25,Dhok Hum,1708.5,,,,,,,,,,,,,,,
26/08/25,U/Lakhwal,1470.4,,,,,,,,,,,,,,,
27/08/25,Dharabi,1601.6,,,,,,,,,,,,,,,
27/08/25,Mial,1430.2,,,,,,,,,,,,,,,
27/08/25,Dhurnal,1459.5,,,,,,,,,,,,,,,
27/08/25,Gurabh,1739.5,,,,,,,,,,,,,,,
27/08/25,Bhugtal,1783,,,,,,,,,,,,,,,
27/08/25,Pira,1860.9,,,,,,,,,,,,,,,
27/08/25,Dhok Hum,1708.5,,,,,,,,,,,,,,,
27/08/25,U/Lakhwal,1470.3,,,,,,,,,,,,,,,
28/08/25,Dharabi,1601.9,,,,,,,,,,,,,,,
28/08/25,Mial,1430.2,,,,,,,,,,,,,,,
28/08/25,Dhurnal,1459.5,,,,,,,,,,,,,,,
28/08/25,Gurabh,1739.5,,,,,,,,,,,,,,,
28/08/25,Bhugtal,1783,,,,,,,,,,,,,,,
28/08/25,Pira,1860.9,,,,,,,,,,,,,,,
28/08/25,Dhok Hum,1708.5,,,,,,,,,,,,,,,
28/08/25,U/Lakhwal,1470.3,,,,,,,,,,,,,,,
29/08/25,Dharabi,1601.9,,,,,,,,,,,,,,,
29/08/25,Mial,1430.2,,,,,,,,,,,,,,,
29/08/25,Dhurnal,1459.5,,,,,,,,,,,,,,,
29/08/25,Gurabh,1739.5,,,,,,,,,,,,,,,
29/08/25,Bhugtal,1783,,,,,,,,,,,,,,,
29/08/25,Pira,1860.9,,,,,,,,,,,,,,,
29/08/25,Dhok Hum,1708.5,,,,,,,,,,,,,,,
29/08/25,U/Lakhwal,1470.2,,,,,,,,,,,,,,,
30/08/25,Dharabi,1601.9,,,,,,,,,,,,,,,
30/08/25,Mial,1430.2,,,,,,,,,,,,,,,
30/08/25,Dhurnal,1459.5,,,,,,,,,,,,,,,
30/08/25,Gurabh,1739.5,,,,,,,,,,,,,,,
30/08/25,Bhugtal,1783,,,,,,,,,,,,,,,
30/08/25,Pira,1860.9,,,,,,,,,,,,,,,
30/08/25,Dhok Hum,1708.5,,,,,,,,,,,,,,,
30/08/25,U/Lakhwal,1470.2,,,,,,,,,,,,,,,
31/08/25,Dharabi,1601.9,,,,,,,,,,,,,,,
31/08/25,Mial,1430.2,,,,,,,,,,,,,,,
31/08/25,Dhurnal,1459.5,,,,,,,,,,,,,,,
31/08/25,Gurabh,1739.5,,,,,,,,,,,,,,,
31/08/25,Bhugtal,1783,,,,,,,,,,,,,,,
31/08/25,Pira,1860.9,,,,,,,,,,,,,,,
31/08/25,Dhok Hum,1708.5,,,,,,,,,,,,,,,
31/08/25,U/Lakhwal,1470.2,,,,,,,,,,,,,,,
01/09/25,Dharabi,1601.9,,,,,,,,,,,,,,,
01/09/25,Mial,1430.2,,,,,,,,,,,,,,,
01/09/25,Dhurnal,1459.5,,,,,,,,,,,,,,,
01/09/25,Gurabh,1739.5,,,,,,,,,,,,,,,
01/09/25,Bhugtal,1783,,,,,,,,,,,,,,,
01/09/25,Pira,1860.9,,,,,,,,,,,,,,,
01/09/25,Dhok Hum,1708.5,,,,,,,,,,,,,,,
01/09/25,U/Lakhwal,1470.2,,,,,,,,,,,,,,,
02/09/25,Dharabi,1601.7,,,,,,,,,,,,,,,
02/09/25,Mial,1430.2,,,,,,,,,,,,,,,
02/09/25,Dhurnal,1459.5,,,,,,,,,,,,,,,
02/09/25,Gurabh,1739.5,,,,,,,,,,,,,,,
02/09/25,Bhugtal,1783,,,,,,,,,,,,,,,
02/09/25,Pira,1860.9,,,,,,,,,,,,,,,
02/09/25,Dhok Hum,1708.5,,,,,,,,,,,,,,,
02/09/25,U/Lakhwal,1470.1,,,,,,,,,,,,,,,
03/09/25,Dharabi,1601.6,,,,,,,,,,,,,,,
03/09/25,Mial,1430.2,,,,,,,,,,,,,,,
03/09/25,Dhurnal,1459.5,,,,,,,,,,,,,,,
03/09/25,Gurabh,1739.5,,,,,,,,,,,,,,,
03/09/25,Bhugtal,1783,,,,,,,,,,,,,,,
03/09/25,Pira,1860.9,,,,,,,,,,,,,,,
03/09/25,Dhok Hum,1708.5,,,,,,,,,,,,,,,
03/09/25,U/Lakhwal,1470,,,,,,,,,,,,,,,
04/09/25,Dharabi,1601.6,,,,,,,,,,,,,,,
04/09/25,Mial,1430.2,,,,,,,,,,,,,,,
04/09/25,Dhurnal,1459.5,,,,,,,,,,,,,,,
04/09/25,Gurabh,1739.5,,,,,,,,,,,,,,,
04/09/25,Bhugtal,1783,,,,,,,,,,,,,,,
04/09/25,Pira,1860.9,,,,,,,,,,,,,,,
04/09/25,Dhok Hum,1708.5,,,,,,,,,,,,,,,
04/09/25,U/Lakhwal,1470,,,,,,,,,,,,,,,
05/09/25,Dharabi,1601.5,,,,,,,,,,,,,,,
05/09/25,Mial,1430.2,,,,,,,,,,,,,,,
05/09/25,Dhurnal,1459.5,,,,,,,,,,,,,,,
05/09/25,Gurabh,1739.5,,,,,,,,,,,,,,,
05/09/25,Bhugtal,1783,,,,,,,,,,,,,,,
05/09/25,Pira,1860.9,,,,,,,,,,,,,,,
05/09/25,Dhok Hum,1708.5,,,,,,,,,,,,,,,
05/09/25,U/Lakhwal,1470,,,,,,,,,,,,,,,
06/09/25,Dharabi,1601.5,,,,,,,,,,,,,,,
06/09/25,Mial,1430.2,,,,,,,,,,,,,,,
06/09/25,Dhurnal,1459.5,,,,,,,,,,,,,,,
06/09/25,Gurabh,1739.5,,,,,,,,,,,,,,,
06/09/25,Bhugtal,1783,,,,,,,,,,,,,,,
06/09/25,Pira,1860.9,,,,,,,,,,,,,,,
06/09/25,Dhok Hum,1708.5,,,,,,,,,,,,,,,
06/09/25,U/Lakhwal,1470,,,,,,,,,,,,,,,
07/09/25,Dharabi,1601.3,,,,,,,,,,,,,,,
07/09/25,Mial,1430.2,,,,,,,,,,,,,,,
07/09/25,Dhurnal,1459.5,,,,,,,,,,,,,,,
07/09/25,Gurabh,1739.5,,,,,,,,,,,,,,,
07/09/25,Bhugtal,1783,,,,,,,,,,,,,,,
07/09/25,Pira,1860.9,,,,,,,,,,,,,,,
07/09/25,Dhok Hum,1708.5,,,,,,,,,,,,,,,
07/09/25,U/Lakhwal,1470,,,,,,,,,,,,,,,
08/09/25,Dharabi,1602,,,,,,,,,,,,,,,
08/09/25,Mial,1430.2,,,,,,,,,,,,,,,
08/09/25,Dhurnal,1459.5,,,,,,,,,,,,,,,
08/09/25,Gurabh,1739.5,,,,,,,,,,,,,,,
08/09/25,Bhugtal,1783,,,,,,,,,,,,,,,
08/09/25,Pira,1860.9,,,,,,,,,,,,,,,
08/09/25,Dhok Hum,1708.5,,,,,,,,,,,,,,,
08/09/25,U/Lakhwal,1470.1,,,,,,,,,,,,,,,
09/09/25,Dharabi,1602,,,,,,,,,,,,,,,
09/09/25,Mial,1430.2,,,,,,,,,,,,,,,
09/09/25,Dhurnal,1459.5,,,,,,,,,,,,,,,
09/09/25,Gurabh,1739.5,,,,,,,,,,,,,,,
09/09/25,Bhugtal,1783,,,,,,,,,,,,,,,
09/09/25,Pira,1860.9,,,,,,,,,,,,,,,
09/09/25,Dhok Hum,1708.5,,,,,,,,,,,,,,,
09/09/25,U/Lakhwal,1470.1,,,,,,,,,,,,,,,
10/09/25,Dharabi,1602,,,,,,,,,,,,,,,
10/09/25,Mial,1430.2,,,,,,,,,,,,,,,
10/09/25,Dhurnal,1459.5,,,,,,,,,,,,,,,
10/09/25,Gurabh,1739.5,,,,,,,,,,,,,,,
10/09/25,Bhugtal,1783,,,,,,,,,,,,,,,
10/09/25,Pira,1860.9,,,,,,,,,,,,,,,
10/09/25,Dhok Hum,1708.5,,,,,,,,,,,,,,,
10/09/25,U/Lakhwal,1470.1,,,,,,,,,,,,,,,
11/09/25,Dharabi,1601.9,,,,,,,,,,,,,,,
11/09/25,Mial,1430.2,,,,,,,,,,,,,,,
11/09/25,Dhurnal,1459.5,,,,,,,,,,,,,,,
11/09/25,Gurabh,1739.5,,,,,,,,,,,,,,,
11/09/25,Bhugtal,1783,,,,,,,,,,,,,,,
11/09/25,Pira,1860.9,,,,,,,,,,,,,,,
11/09/25,Dhok Hum,1708.5,,,,,,,,,,,,,,,
11/09/25,U/Lakhwal,1470,,,,,,,,,,,,,,,
12/09/25,Dharabi,1601.9,,,,,,,,,,,,,,,
12/09/25,Mial,1430.2,,,,,,,,,,,,,,,
12/09/25,Dhurnal,1459.5,,,,,,,,,,,,,,,
12/09/25,Gurabh,1739.5,,,,,,,,,,,,,,,
12/09/25,Bhugtal,1783,,,,,,,,,,,,,,,
12/09/25,Pira,1860.9,,,,,,,,,,,,,,,
12/09/25,Dhok Hum,1708.5,,,,,,,,,,,,,,,
12/09/25,U/Lakhwal,1470,,,,,,,,,,,,,,,
13/09/25,Dharabi,1601.9,,,,,,,,,,,,,,,
13/09/25,Mial,1430.2,,,,,,,,,,,,,,,
13/09/25,Dhurnal,1459.5,,,,,,,,,,,,,,,
13/09/25,Gurabh,1739.5,,,,,,,,,,,,,,,
13/09/25,Bhugtal,1783,,,,,,,,,,,,,,,
13/09/25,Pira,1860.9,,,,,,,,,,,,,,,
13/09/25,Dhok Hum,1708.5,,,,,,,,,,,,,,,
13/09/25,U/Lakhwal,1470,,,,,,,,,,,,,,,
14/09/25,Dharabi,1601.6,,,,,,,,,,,,,,,
14/09/25,Mial,1430.2,,,,,,,,,,,,,,,
14/09/25,Dhurnal,1459.5,,,,,,,,,,,,,,,
14/09/25,Gurabh,1739.5,,,,,,,,,,,,,,,
14/09/25,Bhugtal,1783,,,,,,,,,,,,,,,
14/09/25,Pira,1860.9,,,,,,,,,,,,,,,
14/09/25,Dhok Hum,1708.5,,,,,,,,,,,,,,,
14/09/25,U/Lakhwal,1470,,,,,,,,,,,,,,,
15/09/25,Dharabi,1601.6,,,,,,,,,,,,,,,
15/09/25,Mial,1430.2,,,,,,,,,,,,,,,
15/09/25,Dhurnal,1459.5,,,,,,,,,,,,,,,
15/09/25,Gurabh,1739.5,,,,,,,,,,,,,,,
15/09/25,Bhugtal,1783,,,,,,,,,,,,,,,
15/09/25,Pira,1860.9,,,,,,,,,,,,,,,
15/09/25,Dhok Hum,1708.5,,,,,,,,,,,,,,,
15/09/25,U/Lakhwal,1470,,,,,,,,,,,,,,,
16/09/25,Dharabi,1601.6,,,,,,,,,,,,,,,
16/09/25,Mial,1430.2,,,,,,,,,,,,,,,
16/09/25,Dhurnal,1459.5,,,,,,,,,,,,,,,
16/09/25,Gurabh,1739.5,,,,,,,,,,,,,,,
16/09/25,Bhugtal,1783,,,,,,,,,,,,,,,
16/09/25,Pira,1860.9,,,,,,,,,,,,,,,
16/09/25,Dhok Hum,1708.5,,,,,,,,,,,,,,,
16/09/25,U/Lakhwal,1470,,,,,,,,,,,,,,,
17/09/25,Dharabi,1601.5,,,,,,,,,,,,,,,
17/09/25,Mial,1430.2,,,,,,,,,,,,,,,
17/09/25,Dhurnal,1459.5,,,,,,,,,,,,,,,
17/09/25,Gurabh,1739.5,,,,,,,,,,,,,,,
17/09/25,Bhugtal,1783,,,,,,,,,,,,,,,
17/09/25,Pira,1860.9,,,,,,,,,,,,,,,
17/09/25,Dhok Hum,1708.5,,,,,,,,,,,,,,,
17/09/25,U/Lakhwal,1470,,,,,,,,,,,,,,,
18/09/25,Dharabi,1601.5,,,,,,,,,,,,,,,
18/09/25,Mial,1430.2,,,,,,,,,,,,,,,
18/09/25,Dhurnal,1459.5,,,,,,,,,,,,,,,
18/09/25,Gurabh,1739.5,,,,,,,,,,,,,,,
18/09/25,Bhugtal,1783,,,,,,,,,,,,,,,
18/09/25,Pira,1860.9,,,,,,,,,,,,,,,
18/09/25,Dhok Hum,1708.5,,,,,,,,,,,,,,,
18/09/25,U/Lakhwal,1470,,,,,,,,,,,,,,,
19/09/25,Dharabi,1601.3,,,,,,,,,,,,,,,
19/09/25,Mial,1430.2,,,,,,,,,,,,,,,
19/09/25,Dhurnal,1459.5,,,,,,,,,,,,,,,
19/09/25,Gurabh,1739.5,,,,,,,,,,,,,,,
19/09/25,Bhugtal,1783,,,,,,,,,,,,,,,
19/09/25,Pira,1860.9,,,,,,,,,,,,,,,
19/09/25,Dhok Hum,1708.5,,,,,,,,,,,,,,,
19/09/25,U/Lakhwal,1470,,,,,,,,,,,,,,,
20/09/25,Dharabi,1601.2,,,,,,,,,,,,,,,
20/09/25,Mial,1430.2,,,,,,,,,,,,,,,
20/09/25,Dhurnal,1459.5,,,,,,,,,,,,,,,
20/09/25,Gurabh,1739.5,,,,,,,,,,,,,,,
20/09/25,Bhugtal,1783,,,,,,,,,,,,,,,
20/09/25,Pira,1860.9,,,,,,,,,,,,,,,
20/09/25,Dhok Hum,1708.5,,,,,,,,,,,,,,,
20/09/25,U/Lakhwal,1470,,,,,,,,,,,,,,,
21/09/25,Dharabi,1601.1,,,,,,,,,,,,,,,
21/09/25,Mial,1430.2,,,,,,,,,,,,,,,
21/09/25,Dhurnal,1459.5,,,,,,,,,,,,,,,
21/09/25,Gurabh,1739.5,,,,,,,,,,,,,,,
21/09/25,Bhugtal,1783,,,,,,,,,,,,,,,
21/09/25,Pira,1860.9,,,,,,,,,,,,,,,
21/09/25,Dhok Hum,1708.5,,,,,,,,,,,,,,,
21/09/25,U/Lakhwal,1470,,,,,,,,,,,,,,,
22/09/25,Dharabi,1601,,,,,,,,,,,,,,,
22/09/25,Mial,1430.2,,,,,,,,,,,,,,,
22/09/25,Dhurnal,1459.5,,,,,,,,,,,,,,,
22/09/25,Gurabh,1739.5,,,,,,,,,,,,,,,
22/09/25,Bhugtal,1783,,,,,,,,,,,,,,,
22/09/25,Pira,1860.9,,,,,,,,,,,,,,,
22/09/25,Dhok Hum,1708.5,,,,,,,,,,,,,,,
22/09/25,U/Lakhwal,1470,,,,,,,,,,,,,,,
23/09/25,Dharabi,1601,,,,,,,,,,,,,,,
23/09/25,Mial,1430.2,,,,,,,,,,,,,,,
23/09/25,Dhurnal,1459.5,,,,,,,,,,,,,,,
23/09/25,Gurabh,1739.5,,,,,,,,,,,,,,,
23/09/25,Bhugtal,1783,,,,,,,,,,,,,,,
23/09/25,Pira,1860.9,,,,,,,,,,,,,,,
23/09/25,Dhok Hum,1708.5,,,,,,,,,,,,,,,
23/09/25,U/Lakhwal,1470,,,,,,,,,,,,,,,
24/09/25,Dharabi,1601,,,,,,,,,,,,,,,
24/09/25,Mial,1430.2,,,,,,,,,,,,,,,
24/09/25,Dhurnal,1459.5,,,,,,,,,,,,,,,
24/09/25,Gurabh,1739.5,,,,,,,,,,,,,,,
24/09/25,Bhugtal,1783,,,,,,,,,,,,,,,
24/09/25,Pira,1860.9,,,,,,,,,,,,,,,
24/09/25,Dhok Hum,1708.5,,,,,,,,,,,,,,,
24/09/25,U/Lakhwal,1470,,,,,,,,,,,,,,,
25/09/25,Dharabi,1601,,,,,,,,,,,,,,,
25/09/25,Mial,1430.2,,,,,,,,,,,,,,,
25/09/25,Dhurnal,1459.5,,,,,,,,,,,,,,,
25/09/25,Gurabh,1739.5,,,,,,,,,,,,,,,
25/09/25,Bhugtal,1783,,,,,,,,,,,,,,,
25/09/25,Pira,1860.9,,,,,,,,,,,,,,,
25/09/25,Dhok Hum,1708.5,,,,,,,,,,,,,,,
25/09/25,U/Lakhwal,1470,,,,,,,,,,,,,,,
26/09/25,Dharabi,1601,,,,,,,,,,,,,,,
26/09/25,Mial,1430.2,,,,,,,,,,,,,,,
26/09/25,Dhurnal,1459.5,,,,,,,,,,,,,,,
26/09/25,Gurabh,1739.5,,,,,,,,,,,,,,,
26/09/25,Bhugtal,1783,,,,,,,,,,,,,,,
26/09/25,Pira,1860.9,,,,,,,,,,,,,,,
26/09/25,Dhok Hum,1708.5,,,,,,,,,,,,,,,
26/09/25,U/Lakhwal,1470,,,,,,,,,,,,,,,
27/09/25,Dharabi,1601,,,,,,,,,,,,,,,
27/09/25,Mial,1430.2,,,,,,,,,,,,,,,
27/09/25,Dhurnal,1459.5,,,,,,,,,,,,,,,
27/09/25,Gurabh,1739.5,,,,,,,,,,,,,,,
27/09/25,Bhugtal,1783,,,,,,,,,,,,,,,
27/09/25,Pira,1860.9,,,,,,,,,,,,,,,
27/09/25,Dhok Hum,1708.5,,,,,,,,,,,,,,,
27/09/25,U/Lakhwal,1470,,,,,,,,,,,,,,,
28/09/25,Dharabi,1601,,,,,,,,,,,,,,,
28/09/25,Mial,1430.2,,,,,,,,,,,,,,,
28/09/25,Dhurnal,1459.5,,,,,,,,,,,,,,,
28/09/25,Gurabh,1739.5,,,,,,,,,,,,,,,
28/09/25,Bhugtal,1783,,,,,,,,,,,,,,,
28/09/25,Pira,1860.9,,,,,,,,,,,,,,,
28/09/25,Dhok Hum,1708.5,,,,,,,,,,,,,,,
28/09/25,U/Lakhwal,1470,,,,,,,,,,,,,,,
29/09/25,Dharabi,1601,,,,,,,,,,,,,,,
29/09/25,Mial,1430.2,,,,,,,,,,,,,,,
29/09/25,Dhurnal,1459.5,,,,,,,,,,,,,,,
29/09/25,Gurabh,1739.5,,,,,,,,,,,,,,,
29/09/25,Bhugtal,1783,,,,,,,,,,,,,,,
29/09/25,Pira,1860.9,,,,,,,,,,,,,,,
29/09/25,Dhok Hum,1708.5,,,,,,,,,,,,,,,
29/09/25,U/Lakhwal,1470,,,,,,,,,,,,,,,
30/09/25,Dharabi,1601,,,,,,,,,,,,,,,
30/09/25,Mial,1430.2,,,,,,,,,,,,,,,
30/09/25,Dhurnal,1459.5,,,,,,,,,,,,,,,
30/09/25,Gurabh,1739.5,,,,,,,,,,,,,,,
30/09/25,Bhugtal,1783,,,,,,,,,,,,,,,
30/09/25,Pira,1860.9,,,,,,,,,,,,,,,
30/09/25,Dhok Hum,1708.5,,,,,,,,,,,,,,,
30/09/25,U/Lakhwal,1470,,,,,,,,,,,,,,,
01/10/25,Dharabi,1601,,,,,,,,,,,,,,,
01/10/25,Mial,1430.2,,,,,,,,,,,,,,,
01/10/25,Dhurnal,1459.5,,,,,,,,,,,,,,,
01/10/25,Gurabh,1739.5,,,,,,,,,,,,,,,
01/10/25,Bhugtal,1783,,,,,,,,,,,,,,,
01/10/25,Pira,1860.9,,,,,,,,,,,,,,,
01/10/25,Dhok Hum,1708.5,,,,,,,,,,,,,,,
01/10/25,U/Lakhwal,1470,,,,,,,,,,,,,,,
02/10/25,Dharabi,1601,,,,,,,,,,,,,,,
02/10/25,Mial,1430,,,,,,,,,,,,,,,
02/10/25,Dhurnal,1459.5,,,,,,,,,,,,,,,
02/10/25,Gurabh,1739.5,,,,,,,,,,,,,,,
02/10/25,Bhugtal,1783,,,,,,,,,,,,,,,
02/10/25,Pira,1860.9,,,,,,,,,,,,,,,
02/10/25,Dhok Hum,1708.5,,,,,,,,,,,,,,,
02/10/25,U/Lakhwal,1470,,,,,,,,,,,,,,,
03/10/25,Dharabi,1601,,,,,,,,,,,,,,,
03/10/25,Mial,1430,,,,,,,,,,,,,,,
03/10/25,Dhurnal,1459.5,,,,,,,,,,,,,,,
03/10/25,Gurabh,1739.5,,,,,,,,,,,,,,,
03/10/25,Bhugtal,1783,,,,,,,,,,,,,,,
03/10/25,Pira,1860.9,,,,,,,,,,,,,,,
03/10/25,Dhok Hum,1708.5,,,,,,,,,,,,,,,
03/10/25,U/Lakhwal,1470,,,,,,,,,,,,,,,
04/10/25,Dharabi,1601,,,,,,,,,,,,,,,
04/10/25,Mial,1429.9,,,,,,,,,,,,,,,
04/10/25,Dhurnal,1459.5,,,,,,,,,,,,,,,
04/10/25,Gurabh,1739.5,,,,,,,,,,,,,,,
04/10/25,Bhugtal,1783,,,,,,,,,,,,,,,
04/10/25,Pira,1860.9,,,,,,,,,,,,,,,
04/10/25,Dhok Hum,1708.5,,,,,,,,,,,,,,,
04/10/25,U/Lakhwal,1470,,,,,,,,,,,,,,,
05/10/25,Dharabi,1601,,,,,,,,,,,,,,,
05/10/25,Mial,1429.9,,,,,,,,,,,,,,,
05/10/25,Dhurnal,1459.5,,,,,,,,,,,,,,,
05/10/25,Gurabh,1739.5,,,,,,,,,,,,,,,
05/10/25,Bhugtal,1783,,,,,,,,,,,,,,,
05/10/25,Pira,1860.9,,,,,,,,,,,,,,,
05/10/25,Dhok Hum,1708.5,,,,,,,,,,,,,,,
05/10/25,U/Lakhwal,1470,,,,,,,,,,,,,,,
06/10/25,Dharabi,1601,,,,,,,,,,,,,,,
06/10/25,Mial,1429.9,,,,,,,,,,,,,,,
06/10/25,Dhurnal,1459.5,,,,,,,,,,,,,,,
06/10/25,Gurabh,1739.5,,,,,,,,,,,,,,,
06/10/25,Bhugtal,1783,,,,,,,,,,,,,,,
06/10/25,Pira,1860.9,,,,,,,,,,,,,,,
06/10/25,Dhok Hum,1708.5,,,,,,,,,,,,,,,
06/10/25,U/Lakhwal,1470,,,,,,,,,,,,,,,
07/10/25,Dharabi,1601,,,,,,,,,,,,,,,
07/10/25,Mial,1429.8,,,,,,,,,,,,,,,
07/10/25,Dhurnal,1459.5,,,,,,,,,,,,,,,
07/10/25,Gurabh,1739.5,,,,,,,,,,,,,,,
07/10/25,Bhugtal,1783,,,,,,,,,,,,,,,
07/10/25,Pira,1860.9,,,,,,,,,,,,,,,
07/10/25,Dhok Hum,1708.5,,,,,,,,,,,,,,,
07/10/25,U/Lakhwal,1470,,,,,,,,,,,,,,,
08/10/25,Dharabi,1601,,,,,,,,,,,,,,,
08/10/25,Mial,1429.7,,,,,,,,,,,,,,,
08/10/25,Dhurnal,1459.5,,,,,,,,,,,,,,,
08/10/25,Gurabh,1739.5,,,,,,,,,,,,,,,
08/10/25,Bhugtal,1783,,,,,,,,,,,,,,,
08/10/25,Pira,1860.9,,,,,,,,,,,,,,,
08/10/25,Dhok Hum,1708.5,,,,,,,,,,,,,,,
08/10/25,U/Lakhwal,1470,,,,,,,,,,,,,,,
09/10/25,Dharabi,1601,,,,,,,,,,,,,,,
09/10/25,Mial,1429.7,,,,,,,,,,,,,,,
09/10/25,Dhurnal,1459.5,,,,,,,,,,,,,,,
09/10/25,Gurabh,1739.5,,,,,,,,,,,,,,,
09/10/25,Bhugtal,1783,,,,,,,,,,,,,,,
09/10/25,Pira,1860.9,,,,,,,,,,,,,,,
09/10/25,Dhok Hum,1708.5,,,,,,,,,,,,,,,
09/10/25,U/Lakhwal,1470,,,,,,,,,,,,,,,
10/10/25,Dharabi,1601,,,,,,,,,,,,,,,
10/10/25,Mial,1429.7,,,,,,,,,,,,,,,
10/10/25,Dhurnal,1459.5,,,,,,,,,,,,,,,
10/10/25,Gurabh,1739.5,,,,,,,,,,,,,,,
10/10/25,Bhugtal,1783,,,,,,,,,,,,,,,
10/10/25,Pira,1860.9,,,,,,,,,,,,,,,
10/10/25,Dhok Hum,1708.5,,,,,,,,,,,,,,,
10/10/25,U/Lakhwal,1470,,,,,,,,,,,,,,,
11/10/25,Dharabi,1601,,,,,,,,,,,,,,,
11/10/25,Mial,1429.7,,,,,,,,,,,,,,,
11/10/25,Dhurnal,1459.5,,,,,,,,,,,,,,,
11/10/25,Gurabh,1739.5,,,,,,,,,,,,,,,
11/10/25,Bhugtal,1783,,,,,,,,,,,,,,,
11/10/25,Pira,1860.9,,,,,,,,,,,,,,,
11/10/25,Dhok Hum,1708.5,,,,,,,,,,,,,,,
11/10/25,U/Lakhwal,1470,,,,,,,,,,,,,,,
12/10/25,Dharabi,1601,,,,,,,,,,,,,,,
12/10/25,Mial,1429.7,,,,,,,,,,,,,,,
12/10/25,Dhurnal,1459.5,,,,,,,,,,,,,,,
12/10/25,Gurabh,1739.5,,,,,,,,,,,,,,,
12/10/25,Bhugtal,1783,,,,,,,,,,,,,,,
12/10/25,Pira,1860.9,,,,,,,,,,,,,,,
12/10/25,Dhok Hum,1708.5,,,,,,,,,,,,,,,
12/10/25,U/Lakhwal,1470,,,,,,,,,,,,,,,
13/10/25,Dharabi,1601,,,,,,,,,,,,,,,
13/10/25,Mial,1429.7,,,,,,,,,,,,,,,
13/10/25,Dhurnal,1459.5,,,,,,,,,,,,,,,
13/10/25,Gurabh,1739.5,,,,,,,,,,,,,,,
13/10/25,Bhugtal,1783,,,,,,,,,,,,,,,
13/10/25,Pira,1860.9,,,,,,,,,,,,,,,
13/10/25,Dhok Hum,1708.5,,,,,,,,,,,,,,,
13/10/25,U/Lakhwal,1470,,,,,,,,,,,,,,,
14/10/25,Dharabi,1601,,,,,,,,,,,,,,,
14/10/25,Mial,1429.7,,,,,,,,,,,,,,,
14/10/25,Dhurnal,1459.5,,,,,,,,,,,,,,,
14/10/25,Gurabh,1739.5,,,,,,,,,,,,,,,
14/10/25,Bhugtal,1783,,,,,,,,,,,,,,,
14/10/25,Pira,1860.9,,,,,,,,,,,,,,,
14/10/25,Dhok Hum,1708.5,,,,,,,,,,,,,,,
14/10/25,U/Lakhwal,1470,,,,,,,,,,,,,,,
15/10/25,Dharabi,1601,,,,,,,,,,,,,,,
15/10/25,Mial,1429.7,,,,,,,,,,,,,,,
15/10/25,Dhurnal,1459.5,,,,,,,,,,,,,,,
15/10/25,Gurabh,1739.5,,,,,,,,,,,,,,,
15/10/25,Bhugtal,1783,,,,,,,,,,,,,,,
15/10/25,Pira,1860.9,,,,,,,,,,,,,,,
15/10/25,Dhok Hum,1708.5,,,,,,,,,,,,,,,
15/10/25,U/Lakhwal,1470,,,,,,,,,,,,,,,
16/10/25,Dharabi,1601,,,,,,,,,,,,,,,
16/10/25,Mial,1429.7,,,,,,,,,,,,,,,
16/10/25,Dhurnal,1459.5,,,,,,,,,,,,,,,
16/10/25,Gurabh,1739.5,,,,,,,,,,,,,,,
16/10/25,Bhugtal,1783,,,,,,,,,,,,,,,
16/10/25,Pira,1860.9,,,,,,,,,,,,,,,
16/10/25,Dhok Hum,1708.5,,,,,,,,,,,,,,,
16/10/25,U/Lakhwal,1470,,,,,,,,,,,,,,,
17/10/25,Dharabi,1601,,,,,,,,,,,,,,,
17/10/25,Mial,1429.7,,,,,,,,,,,,,,,
17/10/25,Dhurnal,1459.5,,,,,,,,,,,,,,,
17/10/25,Gurabh,1739.5,,,,,,,,,,,,,,,
17/10/25,Bhugtal,1783.2,,,,,,,,,,,,,,,
17/10/25,Pira,1861.5,,,,,,,,,,,,,,,
17/10/25,Dhok Hum,1708.5,,,,,,,,,,,,,,,
17/10/25,U/Lakhwal,1470,,,,,,,,,,,,,,,
18/10/25,Dharabi,1601,,,,,,,,,,,,,,,
18/10/25,Mial,1429.7,,,,,,,,,,,,,,,
18/10/25,Dhurnal,1459.5,,,,,,,,,,,,,,,
18/10/25,Gurabh,1739.5,,,,,,,,,,,,,,,
18/10/25,Bhugtal,1783.2,,,,,,,,,,,,,,,
18/10/25,Pira,1861.5,,,,,,,,,,,,,,,
18/10/25,Dhok Hum,1708.5,,,,,,,,,,,,,,,
18/10/25,U/Lakhwal,1470,,,,,,,,,,,,,,,
19/10/25,Dharabi,1601,,,,,,,,,,,,,,,
19/10/25,Mial,1429.7,,,,,,,,,,,,,,,
19/10/25,Dhurnal,1459.5,,,,,,,,,,,,,,,
19/10/25,Gurabh,1739.5,,,,,,,,,,,,,,,
19/10/25,Bhugtal,1783.2,,,,,,,,,,,,,,,
19/10/25,Pira,1861.5,,,,,,,,,,,,,,,
19/10/25,Dhok Hum,1708.5,,,,,,,,,,,,,,,
19/10/25,U/Lakhwal,1470,,,,,,,,,,,,,,,
20/10/25,Dharabi,1601,,,,,,,,,,,,,,,
20/10/25,Mial,1429.4,,,,,,,,,,,,,,,
20/10/25,Dhurnal,1459.5,,,,,,,,,,,,,,,
20/10/25,Gurabh,1739,,,,,,,,,,,,,,,
20/10/25,Bhugtal,1783,,,,,,,,,,,,,,,
20/10/25,Pira,1861.5,,,,,,,,,,,,,,,
20/10/25,Dhok Hum,1708,,,,,,,,,,,,,,,
20/10/25,U/Lakhwal,1470,,,,,,,,,,,,,,,
21/10/25,Dharabi,1601,,,,,,,,,,,,,,,
21/10/25,Mial,1429.4,,,,,,,,,,,,,,,
21/10/25,Dhurnal,1459.5,,,,,,,,,,,,,,,
21/10/25,Gurabh,1739,,,,,,,,,,,,,,,
21/10/25,Bhugtal,1783,,,,,,,,,,,,,,,
21/10/25,Pira,1861.5,,,,,,,,,,,,,,,
21/10/25,Dhok Hum,1708,,,,,,,,,,,,,,,
21/10/25,U/Lakhwal,1470,,,,,,,,,,,,,,,
22/10/25,Dharabi,1601,,,,,,,,,,,,,,,
22/10/25,Mial,1429.4,,,,,,,,,,,,,,,
22/10/25,Dhurnal,1459.5,,,,,,,,,,,,,,,
22/10/25,Gurabh,1739,,,,,,,,,,,,,,,
22/10/25,Bhugtal,1783,,,,,,,,,,,,,,,
22/10/25,Pira,1861.5,,,,,,,,,,,,,,,
22/10/25,Dhok Hum,1708,,,,,,,,,,,,,,,
22/10/25,U/Lakhwal,1470,,,,,,,,,,,,,,,
23/10/25,Dharabi,1601,,,,,,,,,,,,,,,
23/10/25,Mial,1429,,,,,,,,,,,,,,,
23/10/25,Dhurnal,1459.5,,,,,,,,,,,,,,,
23/10/25,Gurabh,1738.5,,,,,,,,,,,,,,,
23/10/25,Bhugtal,1782.5,,,,,,,,,,,,,,,
23/10/25,Pira,1861.5,,,,,,,,,,,,,,,
23/10/25,Dhok Hum,1708,,,,,,,,,,,,,,,
23/10/25,U/Lakhwal,1470,,,,,,,,,,,,,,,
24/10/25,Dharabi,1601,,,,,,,,,,,,,,,
24/10/25,Mial,1429,,,,,,,,,,,,,,,
24/10/25,Dhurnal,1459.5,,,,,,,,,,,,,,,
24/10/25,Gurabh,1738.5,,,,,,,,,,,,,,,
24/10/25,Bhugtal,1782.5,,,,,,,,,,,,,,,
24/10/25,Pira,1861.5,,,,,,,,,,,,,,,
24/10/25,Dhok Hum,1708,,,,,,,,,,,,,,,
24/10/25,U/Lakhwal,1470,,,,,,,,,,,,,,,
25/10/25,Dharabi,1601,,,,,,,,,,,,,,,
25/10/25,Mial,1428.8,,,,,,,,,,,,,,,
25/10/25,Dhurnal,1459.5,,,,,,,,,,,,,,,
25/10/25,Gurabh,1738,,,,,,,,,,,,,,,
25/10/25,Bhugtal,1782,,,,,,,,,,,,,,,
25/10/25,Pira,1861.5,,,,,,,,,,,,,,,
25/10/25,Dhok Hum,1708,,,,,,,,,,,,,,,
25/10/25,U/Lakhwal,1470,,,,,,,,,,,,,,,
26/10/25,Dharabi,1601,,,,,,,,,,,,,,,
26/10/25,Mial,1428.8,,,,,,,,,,,,,,,
26/10/25,Dhurnal,1459.5,,,,,,,,,,,,,,,
26/10/25,Gurabh,1738,,,,,,,,,,,,,,,
26/10/25,Bhugtal,1782,,,,,,,,,,,,,,,
26/10/25,Pira,1861.5,,,,,,,,,,,,,,,
26/10/25,Dhok Hum,1707.8,,,,,,,,,,,,,,,
26/10/25,U/Lakhwal,1470,,,,,,,,,,,,,,,
27/10/25,Dharabi,1601,,,,,,,,,,,,,,,
27/10/25,Mial,1428.7,,,,,,,,,,,,,,,
27/10/25,Dhurnal,1459.5,,,,,,,,,,,,,,,
27/10/25,Gurabh,1737.5,,,,,,,,,,,,,,,
27/10/25,Bhugtal,1781.8,,,,,,,,,,,,,,,
27/10/25,Pira,1861.5,,,,,,,,,,,,,,,
27/10/25,Dhok Hum,1707.6,,,,,,,,,,,,,,,
27/10/25,U/Lakhwal,1470,,,,,,,,,,,,,,,
28/10/25,Dharabi,1601,,,,,,,,,,,,,,,
28/10/25,Mial,1428.7,,,,,,,,,,,,,,,
28/10/25,Dhurnal,1459.5,,,,,,,,,,,,,,,
28/10/25,Gurabh,1737.5,,,,,,,,,,,,,,,
28/10/25,Bhugtal,1781.8,,,,,,,,,,,,,,,
28/10/25,Pira,1861.5,,,,,,,,,,,,,,,
28/10/25,Dhok Hum,1707.6,,,,,,,,,,,,,,,
28/10/25,U/Lakhwal,1470,,,,,,,,,,,,,,,
29/10/25,Dharabi,1601,,,,,,,,,,,,,,,
29/10/25,Mial,1428.7,,,,,,,,,,,,,,,
29/10/25,Dhurnal,1459.5,,,,,,,,,,,,,,,
29/10/25,Gurabh,1737.5,,,,,,,,,,,,,,,
29/10/25,Bhugtal,1781.8,,,,,,,,,,,,,,,
29/10/25,Pira,1861.5,,,,,,,,,,,,,,,
29/10/25,Dhok Hum,1707.6,,,,,,,,,,,,,,,
29/10/25,U/Lakhwal,1470,,,,,,,,,,,,,,,
30/10/25,Dharabi,1601,,,,,,,,,,,,,,,
30/10/25,Mial,1428,,,,,,,,,,,,,,,
30/10/25,Dhurnal,1459.5,,,,,,,,,,,,,,,
30/10/25,Gurabh,1737,,,,,,,,,,,,,,,
30/10/25,Bhugtal,1781.6,,,,,,,,,,,,,,,
30/10/25,Pira,1861.5,,,,,,,,,,,,,,,
30/10/25,Dhok Hum,1707.4,,,,,,,,,,,,,,,
30/10/25,U/Lakhwal,1470,,,,,,,,,,,,,,,
31/10/25,U/Lakhwal,1470,,,,,,,,,,,,,,,
31/10/25,Dharabi,1601,,,,,,,,,,,,,,,
31/10/25,Mial,1428,,,,,,,,,,,,,,,
31/10/25,Dhurnal,1459.5,,,,,,,,,,,,,,,
31/10/25,Gurabh,1737,,,,,,,,,,,,,,,
31/10/25,Bhugtal,1781.6,,,,,,,,,,,,,,,
31/10/25,Pira,1861.5,,,,,,,,,,,,,,,
31/10/25,Dhok Hum,1707.4,,,,,,,,,,,,,,,
01/11/25,Dharabi,1601,,,,,,,,,,,,,,,
01/11/25,Mial,1428,,,,,,,,,,,,,,,
01/11/25,Dhurnal,1459.5,,,,,,,,,,,,,,,
01/11/25,Gurabh,1737,,,,,,,,,,,,,,,
01/11/25,Bhugtal,1781.6,,,,,,,,,,,,,,,
01/11/25,Pira,1861.5,,,,,,,,,,,,,,,
01/11/25,Dhok Hum,1707.4,,,,,,,,,,,,,,,
01/11/25,U/Lakhwal,1470,,,,,,,,,,,,,,,
02/11/25,Dharabi,1601,,,,,,,,,,,,,,,
02/11/25,Mial,1428.5,,,,,,,,,,,,,,,
02/11/25,Dhurnal,1459.5,,,,,,,,,,,,,,,
02/11/25,Gurabh,1736.5,,,,,,,,,,,,,,,
02/11/25,Bhugtal,1781.3,,,,,,,,,,,,,,,
02/11/25,Pira,1861.5,,,,,,,,,,,,,,,
02/11/25,Dhok Hum,1707,,,,,,,,,,,,,,,
02/11/25,U/Lakhwal,1470,,,,,,,,,,,,,,,
03/11/25,Dharabi,1601,,,,,,,,,,,,,,,
03/11/25,Mial,1428,,,,,,,,,,,,,,,
03/11/25,Dhurnal,1459.3,,,,,,,,,,,,,,,
03/11/25,Gurabh,1736,,,,,,,,,,,,,,,
03/11/25,Bhugtal,1781,,,,,,,,,,,,,,,
03/11/25,Pira,1861.5,,,,,,,,,,,,,,,
03/11/25,Dhok Hum,1707,,,,,,,,,,,,,,,
03/11/25,U/Lakhwal,1470,,,,,,,,,,,,,,,
04/11/25,Dharabi,1601,,,,,,,,,,,,,,,
04/11/25,Mial,1428,,,,,,,,,,,,,,,
04/11/25,Dhurnal,1459.3,,,,,,,,,,,,,,,
04/11/25,Gurabh,1736,,,,,,,,,,,,,,,
04/11/25,Bhugtal,1781,,,,,,,,,,,,,,,
04/11/25,Pira,1861.5,,,,,,,,,,,,,,,
04/11/25,Dhok Hum,1707,,,,,,,,,,,,,,,
04/11/25,U/Lakhwal,1470,,,,,,,,,,,,,,,
05/11/25,Dharabi,1601,,,,,,,,,,,,,,,
05/11/25,Mial,1427.8,,,,,,,,,,,,,,,
05/11/25,Dhurnal,1459.3,,,,,,,,,,,,,,,
05/11/25,Gurabh,1735,,,,,,,,,,,,,,,
05/11/25,Bhugtal,1780.5,,,,,,,,,,,,,,,
05/11/25,Pira,1861.5,,,,,,,,,,,,,,,
05/11/25,Dhok Hum,1707,,,,,,,,,,,,,,,
05/11/25,U/Lakhwal,1470,,,,,,,,,,,,,,,
06/11/25,Dharabi,1601,,,,,,,,,,,,,,,
06/11/25,Mial,1427.8,,,,,,,,,,,,,,,
06/11/25,Dhurnal,1459.3,,,,,,,,,,,,,,,
06/11/25,Gurabh,1734.5,,,,,,,,,,,,,,,
06/11/25,Bhugtal,1780.5,,,,,,,,,,,,,,,
06/11/25,Pira,1861.4,,,,,,,,,,,,,,,
06/11/25,Dhok Hum,1707,,,,,,,,,,,,,,,
06/11/25,U/Lakhwal,1470,,,,,,,,,,,,,,,
07/11/25,Dharabi,1601,,,,,,,,,,,,,,,
07/11/25,Mial,1427.8,,,,,,,,,,,,,,,
07/11/25,Dhurnal,1459.3,,,,,,,,,,,,,,,
07/11/25,Gurabh,1734.5,,,,,,,,,,,,,,,
07/11/25,Bhugtal,1780.5,,,,,,,,,,,,,,,
07/11/25,Pira,1861.4,,,,,,,,,,,,,,,
07/11/25,Dhok Hum,1707,,,,,,,,,,,,,,,
07/11/25,U/Lakhwal,1470,,,,,,,,,,,,,,,
08/11/25,Dharabi,1601,,,,,,,,,,,,,,,
08/11/25,Mial,1427.8,,,,,,,,,,,,,,,
08/11/25,Dhurnal,1459.3,,,,,,,,,,,,,,,
08/11/25,Gurabh,1734.5,,,,,,,,,,,,,,,
08/11/25,Bhugtal,1780.5,,,,,,,,,,,,,,,
08/11/25,Pira,1861.4,,,,,,,,,,,,,,,
08/11/25,Dhok Hum,1707,,,,,,,,,,,,,,,
08/11/25,U/Lakhwal,1470,,,,,,,,,,,,,,,
09/11/25,Dharabi,1601,,,,,,,,,,,,,,,
09/11/25,Mial,1427.8,,,,,,,,,,,,,,,
09/11/25,Dhurnal,1459.3,,,,,,,,,,,,,,,
09/11/25,Gurabh,1734.5,,,,,,,,,,,,,,,
09/11/25,Bhugtal,1780.5,,,,,,,,,,,,,,,
09/11/25,Pira,1861.4,,,,,,,,,,,,,,,
09/11/25,Dhok Hum,1707,,,,,,,,,,,,,,,
09/11/25,U/Lakhwal,1470,,,,,,,,,,,,,,,
10/11/25,Dharabi,1601,,,,,,,,,,,,,,,
10/11/25,Mial,1427.8,,,,,,,,,,,,,,,
10/11/25,Dhurnal,1459.3,,,,,,,,,,,,,,,
10/11/25,Gurabh,1734,,,,,,,,,,,,,,,
10/11/25,Bhugtal,1780.5,,,,,,,,,,,,,,,
10/11/25,Pira,1861.4,,,,,,,,,,,,,,,
10/11/25,Dhok Hum,1707,,,,,,,,,,,,,,,
10/11/25,U/Lakhwal,1470,,,,,,,,,,,,,,,
11/11/25,Dharabi,1601,,,,,,,,,,,,,,,
11/11/25,Mial,1427.8,,,,,,,,,,,,,,,
11/11/25,Dhurnal,1459.3,,,,,,,,,,,,,,,
11/11/25,Gurabh,1734,,,,,,,,,,,,,,,
11/11/25,Bhugtal,1780.5,,,,,,,,,,,,,,,
11/11/25,Pira,1861.4,,,,,,,,,,,,,,,
11/11/25,Dhok Hum,1707,,,,,,,,,,,,,,,
11/11/25,U/Lakhwal,1470,,,,,,,,,,,,,,,
12/11/25,Dharabi,1601,,,,,,,,,,,,,,,
12/11/25,Mial,1427.8,,,,,,,,,,,,,,,
12/11/25,Dhurnal,1459.3,,,,,,,,,,,,,,,
12/11/25,Gurabh,1734,,,,,,,,,,,,,,,
12/11/25,Bhugtal,1780.5,,,,,,,,,,,,,,,
12/11/25,Pira,1861.4,,,,,,,,,,,,,,,
12/11/25,Dhok Hum,1707,,,,,,,,,,,,,,,
12/11/25,U/Lakhwal,1470,,,,,,,,,,,,,,,
13/11/25,Dharabi,1601,,,,,,,,,,,,,,,
13/11/25,Mial,1427.8,,,,,,,,,,,,,,,
13/11/25,Dhurnal,1459.3,,,,,,,,,,,,,,,
13/11/25,Gurabh,1733,,,,,,,,,,,,,,,
13/11/25,Bhugtal,1780.5,,,,,,,,,,,,,,,
13/11/25,Pira,1861,,,,,,,,,,,,,,,
13/11/25,Dhok Hum,1707,,,,,,,,,,,,,,,
13/11/25,U/Lakhwal,1470,,,,,,,,,,,,,,,
14/11/25,Dharabi,1601,,,,,,,,,,,,,,,
14/11/25,Mial,1427.8,,,,,,,,,,,,,,,
14/11/25,Dhurnal,1459.3,,,,,,,,,,,,,,,
14/11/25,Gurabh,1732,,,,,,,,,,,,,,,
14/11/25,Bhugtal,1780.5,,,,,,,,,,,,,,,
14/11/25,Pira,1861,,,,,,,,,,,,,,,
14/11/25,Dhok Hum,1707,,,,,,,,,,,,,,,
14/11/25,U/Lakhwal,1470,,,,,,,,,,,,,,,
15/11/25,Dharabi,1601,,,,,,,,,,,,,,,
15/11/25,Mial,1427.8,,,,,,,,,,,,,,,
15/11/25,Dhurnal,1459.3,,,,,,,,,,,,,,,
15/11/25,Gurabh,1732,,,,,,,,,,,,,,,
15/11/25,Bhugtal,1780.5,,,,,,,,,,,,,,,
15/11/25,Pira,1861,,,,,,,,,,,,,,,
15/11/25,Dhok Hum,1707,,,,,,,,,,,,,,,
15/11/25,U/Lakhwal,1470,,,,,,,,,,,,,,,
16/11/25,Dharabi,1601,,,,,,,,,,,,,,,
16/11/25,Mial,1427.8,,,,,,,,,,,,,,,
16/11/25,Dhurnal,1459.3,,,,,,,,,,,,,,,
16/11/25,Gurabh,1732,,,,,,,,,,,,,,,
16/11/25,Bhugtal,1780.5,,,,,,,,,,,,,,,
16/11/25,Pira,1860.9,,,,,,,,,,,,,,,
16/11/25,Dhok Hum,1706.7,,,,,,,,,,,,,,,
16/11/25,U/Lakhwal,1470,,,,,,,,,,,,,,,
17/11/25,Dharabi,1601,,,,,,,,,,,,,,,
17/11/25,Mial,1427.8,,,,,,,,,,,,,,,
17/11/25,Dhurnal,1459.2,,,,,,,,,,,,,,,
17/11/25,Gurabh,1730,,,,,,,,,,,,,,,
17/11/25,Bhugtal,1780.5,,,,,,,,,,,,,,,
17/11/25,Pira,1860.8,,,,,,,,,,,,,,,
17/11/25,Dhok Hum,1706.7,,,,,,,,,,,,,,,
17/11/25,U/Lakhwal,1470,,,,,,,,,,,,,,,
18/11/25,Dharabi,1601,,,,,,,,,,,,,,,
18/11/25,Mial,1427.8,,,,,,,,,,,,,,,
18/11/25,Dhurnal,1459.2,,,,,,,,,,,,,,,
18/11/25,Gurabh,1729.5,,,,,,,,,,,,,,,
18/11/25,Bhugtal,1780.5,,,,,,,,,,,,,,,
18/11/25,Pira,1860.7,,,,,,,,,,,,,,,
18/11/25,Dhok Hum,1706.7,,,,,,,,,,,,,,,
18/11/25,U/Lakhwal,1470,,,,,,,,,,,,,,,
19/11/25,Dharabi,1601,,,,,,,,,,,,,,,
19/11/25,Mial,1427.8,,,,,,,,,,,,,,,
19/11/25,Dhurnal,1459.2,,,,,,,,,,,,,,,
19/11/25,Gurabh,1729,,,,,,,,,,,,,,,
19/11/25,Bhugtal,1780.5,,,,,,,,,,,,,,,
19/11/25,Pira,1860.6,,,,,,,,,,,,,,,
19/11/25,Dhok Hum,1706.7,,,,,,,,,,,,,,,
19/11/25,U/Lakhwal,1470,,,,,,,,,,,,,,,
20/11/25,Dharabi,1601,,,,,,,,,,,,,,,
20/11/25,Mial,1427.8,,,,,,,,,,,,,,,
20/11/25,Dhurnal,1459.2,,,,,,,,,,,,,,,
20/11/25,Gurabh,1729.5,,,,,,,,,,,,,,,
20/11/25,Bhugtal,1780.5,,,,,,,,,,,,,,,
20/11/25,Pira,1860.5,,,,,,,,,,,,,,,
20/11/25,Dhok Hum,1706.7,,,,,,,,,,,,,,,
20/11/25,U/Lakhwal,1470,,,,,,,,,,,,,,,
21/11/25,Dharabi,1601,,,,,,,,,,,,,,,
21/11/25,Mial,1427.8,,,,,,,,,,,,,,,
21/11/25,Dhurnal,1459.2,,,,,,,,,,,,,,,
21/11/25,Gurabh,1729,,,,,,,,,,,,,,,
21/11/25,Bhugtal,1780.5,,,,,,,,,,,,,,,
21/11/25,Pira,1860.5,,,,,,,,,,,,,,,
21/11/25,Dhok Hum,1706.7,,,,,,,,,,,,,,,
21/11/25,U/Lakhwal,1470,,,,,,,,,,,,,,,
22/11/25,Dharabi,1601,,,,,,,,,,,,,,,
22/11/25,Mial,1427.8,,,,,,,,,,,,,,,
22/11/25,Dhurnal,1459.2,,,,,,,,,,,,,,,
22/11/25,Gurabh,1728.3,,,,,,,,,,,,,,,
22/11/25,Bhugtal,1780.5,,,,,,,,,,,,,,,
22/11/25,Pira,1860.3,,,,,,,,,,,,,,,
22/11/25,Dhok Hum,1706.7,,,,,,,,,,,,,,,
22/11/25,U/Lakhwal,1470,,,,,,,,,,,,,,,
23/11/25,Dharabi,1601,,,,,,,,,,,,,,,
23/11/25,Mial,1427.8,,,,,,,,,,,,,,,
23/11/25,Dhurnal,1459.2,,,,,,,,,,,,,,,
23/11/25,Gurabh,1728.3,,,,,,,,,,,,,,,
23/11/25,Bhugtal,1780.5,,,,,,,,,,,,,,,
23/11/25,Pira,1860.2,,,,,,,,,,,,,,,
23/11/25,Dhok Hum,1706.7,,,,,,,,,,,,,,,
23/11/25,U/Lakhwal,1470,,,,,,,,,,,,,,,
24/11/25,Dharabi,1601,,,,,,,,,,,,,,,
24/11/25,Mial,1427.8,,,,,,,,,,,,,,,
24/11/25,Dhurnal,1459.2,,,,,,,,,,,,,,,
24/11/25,Gurabh,1728.3,,,,,,,,,,,,,,,
24/11/25,Bhugtal,1780.5,,,,,,,,,,,,,,,
24/11/25,Pira,1860.2,,,,,,,,,,,,,,,
24/11/25,Dhok Hum,1706.7,,,,,,,,,,,,,,,
24/11/25,U/Lakhwal,1470,,,,,,,,,,,,,,,
25/11/25,Dharabi,1601,,,,,,,,,,,,,,,
25/11/25,Mial,1427.8,,,,,,,,,,,,,,,
25/11/25,Dhurnal,1459.2,,,,,,,,,,,,,,,
25/11/25,Gurabh,1728.3,,,,,,,,,,,,,,,
25/11/25,Bhugtal,1780.5,,,,,,,,,,,,,,,
25/11/25,Pira,1860.2,,,,,,,,,,,,,,,
25/11/25,Dhok Hum,1706.7,,,,,,,,,,,,,,,
25/11/25,U-Lakhwal,1470,,,,,,,,,,,,,,,
